Ferramenta,AI_Commits,Human_Commits,Total_Commits,AI_Percentage,AI_Authors,Human_Authors
Claude_Code,76,2695,2771,2.7426921688920967,17,262
Copilot,18946,4868,23814,79.55824305030654,17,595
Cursor,3726,2445,6171,60.379192999513855,17,254
